{
	"pattrstorage" : 	{
		"name" : "my_parameters",
		"slots" : 		{
			"1" : 			{
				"id" : 1,
				"name" : "s",
				"data" : 				{
					"dial" : [ 47 ],
					"led" : [ 0 ],
					"led[1]" : [ 0 ],
					"multislider" : [ 0.749566, 0.750156, 0.749532, 0.751393, 0.750475, 0.748955, 0.75, 0.749333 ],
					"nodes" : [ 0.01, 0.02, 2.0, 1, 0.99, 0.02, 2.0, 1, 0.01, 0.062, 2.0, 1, 0.99, 0.062, 2.0, 1, 0.01, 0.104, 2.0, 1, 0.99, 0.104, 2.0, 1, 0.01, 0.146, 2.0, 1, 0.99, 0.146, 2.0, 1, 0.01, 0.188, 2.0, 1, 0.99, 0.188, 2.0, 1, 0.01, 0.23, 2.0, 1, 0.99, 0.23, 2.0, 1, 0.01, 0.272, 2.0, 1, 0.99, 0.272, 2.0, 1, 0.01, 0.314, 2.0, 1, 0.99, 0.314, 2.0, 1, 0.01, 0.356, 2.0, 1, 0.99, 0.356, 2.0, 1, 0.01, 0.398, 2.0, 1, 0.99, 0.398, 2.0, 1, 0.01, 0.44, 2.0, 1, 0.99, 0.44, 2.0, 1, 0.01, 0.482, 2.0, 1, 0.99, 0.482, 2.0, 1, 0.01, 0.524, 2.0, 1, 0.99, 0.524, 2.0, 1, 0.01, 0.566, 2.0, 1, 0.99, 0.566, 2.0, 1, 0.01, 0.608, 2.0, 1, 0.99, 0.608, 2.0, 1, 0.01, 0.65, 2.0, 1, 0.99, 0.65, 2.0, 1, 0.01, 0.692, 2.0, 1, 0.99, 0.692, 2.0, 1, 0.01, 0.734, 2.0, 1, 0.99, 0.734, 2.0, 1, 0.01, 0.776, 2.0, 1, 0.99, 0.776, 2.0, 1, 0.01, 0.818, 2.0, 1, 0.99, 0.818, 2.0, 1, 0.01, 0.86, 2.0, 1, 0.99, 0.86, 2.0, 1, 0.01, 0.902, 2.0, 1, 0.99, 0.902, 2.0, 1, 0.01, 0.944, 2.0, 1, 0.99, 0.944, 2.0, 1, 0.01, 0.986, 2.0, 1, 0.99, 0.986, 2.0, 1 ],
					"number" : [ 0.3 ],
					"textbutton" : [ -1 ],
					"textbutton[1]" : [ -1 ],
					"textbutton[2]" : [ -1 ],
					"textbutton[3]" : [ -1 ],
					"textbutton[4]" : [ -1 ],
					"textedit" : [ "<empty>" ],
					"umenu[1]" : [ 0 ]
				}

			}
,
			"2" : 			{
				"id" : 2,
				"name" : "Estéreo",
				"data" : 				{
					"dial" : [ 1 ],
					"led" : [ 0 ],
					"led[1]" : [ 0 ],
					"multislider" : [ 0.755833, 0.756667 ],
					"nodes" : [ 0.014167, 0.499167, 2.0, 1, 0.989167, 0.499167, 2.0, 1 ],
					"number" : [ 0.3 ],
					"textbutton" : [ -1 ],
					"textbutton[1]" : [ -1 ],
					"textbutton[2]" : [ -1 ],
					"textbutton[3]" : [ -1 ],
					"textbutton[4]" : [ -1 ],
					"textedit" : [ "<empty>" ],
					"umenu[1]" : [ 1 ]
				}

			}
,
			"3" : 			{
				"id" : 3,
				"name" : "Quad",
				"data" : 				{
					"dial" : [ 3 ],
					"led" : [ 0 ],
					"led[1]" : [ 0 ],
					"multislider" : [ 0.654688, 0.656463, 0.654694, 0.655873 ],
					"nodes" : [ 0.010833, 0.014167, 2.0, 1, 0.989167, 0.014167, 2.0, 1, 0.0125, 0.985833, 2.0, 1, 0.9875, 0.9875, 2.0, 1 ],
					"number" : [ 0.3 ],
					"textbutton" : [ -1 ],
					"textbutton[1]" : [ -1 ],
					"textbutton[2]" : [ -1 ],
					"textbutton[3]" : [ -1 ],
					"textbutton[4]" : [ -1 ],
					"textedit" : [ "<empty>" ],
					"umenu[1]" : [ 2 ]
				}

			}
,
			"4" : 			{
				"id" : 4,
				"name" : "5.1000",
				"data" : 				{
					"dial" : [ 4 ],
					"led" : [ 0 ],
					"led[1]" : [ 0 ],
					"multislider" : [ 0.653518, 0.654106, 0.754165, 0.655867, 0.655873 ],
					"nodes" : [ 0.010833, 0.014167, 2.0, 1, 0.989167, 0.014167, 2.0, 1, 0.5025, 0.0125, 2.0, 1, 0.010833, 0.9875, 2.0, 1, 0.989167, 0.989167, 2.0, 1 ],
					"number" : [ 0.3 ],
					"textbutton" : [ -1 ],
					"textbutton[1]" : [ -1 ],
					"textbutton[2]" : [ -1 ],
					"textbutton[3]" : [ -1 ],
					"textbutton[4]" : [ -1 ],
					"textedit" : [ "<empty>" ],
					"umenu[1]" : [ 3 ]
				}

			}

		}

	}

}
